country,happiness_score
Norway,7.53700017929077
Denmark,7.52199983596802
Iceland,7.50400018692017
Switzerland,7.49399995803833
Finland,7.4689998626709
Netherlands,7.3769998550415
Canada,7.31599998474121
New Zealand,7.31400012969971
Sweden,7.28399991989136
Australia,7.28399991989136
