year,mean_happiness_score
2015,5.37573417721519
2016,5.382184713375796
2017,5.354019355773926
2018,5.375916666666667
2019,5.407096153846154
